Type,Name,Request Count,Failure Count,Median Response Time,Average Response Time,Min Response Time,Max Response Time,Average Content Size,Requests/s,Failures/s,50%,66%,75%,80%,90%,95%,98%,99%,99.9%,99.99%,100%
POST,/checkout,499,0,21,31.1187906778662,3.182416781783104,393.6246666125953,55.37675350701403,2.779348319707094,0.0,21,31,41,48,67,94,120,130,390,390,390
GET,/products?search=[term],1261,0,33,47.36430465312443,6.57858420163393,400.2870419062674,290634.40047581284,7.023563589480251,0.0,33,50,66,75,110,130,160,200,390,400,400
GET,/recommendations/[userId],859,0,1000.0,1149.4433430958068,524.851624853909,3190.6217499636114,2604.0046565774155,4.784489392040869,0.0,1000,1200,1400,1500,1700,2000,2200,2600,3200,3200,3200
GET,/users/[id]/dashboard,890,0,740.0,818.3256059053114,85.12404188513756,3091.161333024502,4396.432584269663,4.957154317714055,0.0,740,900,1100,1100,1400,1700,2000,2200,3100,3100,3100
,Aggregated,3509,0,190.0,510.3836664835766,3.182416781783104,3190.6217499636114,106203.2707324024,19.54455561894227,0.0,190,750,900,1000,1300,1600,1900,2100,2900,3200,3200
