Type,Name,Request Count,Failure Count,Median Response Time,Average Response Time,Min Response Time,Max Response Time,Average Content Size,Requests/s,Failures/s,50%,66%,75%,80%,90%,95%,98%,99%,99.9%,99.99%,100%
POST,/checkout,459,0,19,26.017873177674147,2.6360838674008846,366.35745922103524,55.53812636165577,2.5557478459468426,0.0,19,27,32,37,50,68,95,120,370,370,370
GET,/products?search=[term],1318,0,27,38.00747802548891,6.818125024437904,260.0407497957349,286472.79210925644,7.338726930191587,0.0,27,43,53,59,79,93,110,130,260,260,260
GET,/recommendations/[userId],851,0,940.0,1013.3747081781194,555.6088332086802,2440.555749926716,2620.042303172738,4.738434459478786,0.0,940,1000,1100,1200,1400,1600,1800,1900,2400,2400,2400
GET,/users/[id]/dashboard,845,0,1000.0,1096.0685683651304,213.2647498510778,3159.4832502305508,6440.790532544379,4.705025990904319,0.0,1000,1200,1400,1500,1700,2000,2200,2400,3200,3200,3200
,Aggregated,3473,0,100.0,532.8522536004208,2.6360838674008846,3159.4832502305508,110932.5528361647,19.337935226521534,0.0,100,830,960,1000,1300,1600,1900,2000,2600,3200,3200
