Type,Name,Request Count,Failure Count,Median Response Time,Average Response Time,Min Response Time,Max Response Time,Average Content Size,Requests/s,Failures/s,50%,66%,75%,80%,90%,95%,98%,99%,99.9%,99.99%,100%
POST,/checkout,471,0,18,24.823558379375946,3.3752499148249626,164.3324587494135,55.09766454352442,2.6250414691155775,0.0,18,26,31,37,49,62,92,130,160,160,160
GET,/products?search=[term],1300,0,28,38.50814027711749,7.0913746021687984,198.05104238912463,270891.18615384615,7.245337388217092,0.0,28,42,53,59,79,99,130,150,200,200,200
GET,/recommendations/[userId],855,0,980.0,1029.6077469282113,528.0214170925319,1944.3213329650462,2614.719298245614,4.765202666865857,0.0,980,1100,1200,1200,1400,1500,1700,1800,1900,1900,1900
GET,/users/[id]/dashboard,848,0,1100.0,1145.0811769354227,233.98195812478662,2678.295041900128,6641.945754716981,4.726189311698534,0.0,1100,1300,1400,1500,1700,1900,2100,2200,2700,2700,2700
,Aggregated,3474,0,120.0,550.6896776113408,3.3752499148249626,2678.295041900128,103642.04029936672,19.36177083589706,0.0,120,890,1000,1100,1400,1600,1800,1900,2400,2700,2700
