Type,Name,Request Count,Failure Count,Median Response Time,Average Response Time,Min Response Time,Max Response Time,Average Content Size,Requests/s,Failures/s,50%,66%,75%,80%,90%,95%,98%,99%,99.9%,99.99%,100%
POST,/checkout,521,0,4,6.19907057155889,2.4204161018133163,178.1453751027584,55.3531669865643,2.9008376359154444,0.0,4,6,6,7,8,11,17,42,180,180,180
GET,/products?search=[term],1551,0,300.0,318.93974468550334,275.10458370670676,881.952041760087,2315.5738233397806,8.635698989068818,0.0,300,310,330,340,370,410,490,560,700,880,880
GET,/recommendations/[userId],937,0,550.0,440.1088657509635,1.4199172146618366,1162.694875150919,2616.521878335112,5.217053483402632,0.0,550,580,600,620,690,760,930,1000,1200,1200,1200
GET,/users/[id]/dashboard,933,0,4,5.450491884789187,1.909750048071146,110.18212512135506,7120.045016077171,5.194782177176793,0.0,4,5,6,6,7,10,18,39,110,110,110
,Aggregated,3942,0,290.0,232.21019175853854,1.4199172146618366,1162.694875150919,3225.5142059868085,21.948372285563686,0.0,290,300,340,390,570,620,700,790,1100,1200,1200
