Type,Name,Request Count,Failure Count,Median Response Time,Average Response Time,Min Response Time,Max Response Time,Average Content Size,Requests/s,Failures/s,50%,66%,75%,80%,90%,95%,98%,99%,99.9%,99.99%,100%
POST,/checkout,431,0,3900.0,4192.646942700512,21.463375072926283,20271.248209057376,55.41299303944316,2.397496337185131,0.0,3900,4800,5500,6100,7400,9800,13000,17000,20000,20000,20000
GET,/products?search=[term],1423,0,440.0,551.966451082931,12.974417069926858,3767.121208133176,295344.7287420942,7.915631758270167,0.0,440,540,600,660,820,1300,2400,2900,3700,3800,3800
GET,/recommendations/[userId],948,0,4400.0,4713.250242096307,623.0947920121253,14999.81762515381,2603.284810126582,5.27337941450465,0.0,4400,4900,5200,5400,6200,7500,13000,14000,15000,15000,15000
GET,/users/[id]/dashboard,903,0,12000.0,12545.532255647251,214.10195878706872,33202.67733396031,5677.325581395349,5.0230607714110755,0.0,12000,13000,15000,16000,20000,25000,29000,30000,33000,33000,33000
,Aggregated,3705,0,3600.0,4963.361929433655,12.974417069926858,33202.67733396031,115490.95033738192,20.609568281371025,0.0,3600,5100,7000,9000,13000,16000,22000,26000,32000,33000,33000
