Type,Name,Request Count,Failure Count,Median Response Time,Average Response Time,Min Response Time,Max Response Time,Average Content Size,Requests/s,Failures/s,50%,66%,75%,80%,90%,95%,98%,99%,99.9%,99.99%,100%
POST,/checkout,535,0,4600.0,4515.857656389719,7.537791971117258,6383.45795776695,55.54766355140187,2.9783783656148604,0.0,4600,5100,5400,5500,5900,6000,6200,6200,6400,6400,6400
GET,/products?search=[term],1507,0,11000.0,10818.48157083031,296.2577501311898,15473.112542182207,2315.4983410749833,8.389562985012326,0.0,11000,12000,13000,13000,13000,14000,14000,14000,15000,15000,15000
GET,/recommendations/[userId],1046,0,8100.0,5840.124470457777,2.0792088471353054,12531.917457934469,2606.6778202676865,5.823147234454474,0.0,8200,9100,9700,10000,10000,11000,11000,12000,12000,13000,13000
GET,/users/[id]/dashboard,1138,0,7100.0,6900.85028930811,171.45262518897653,9748.135042376816,5249.423550087873,6.335316972092918,0.0,7100,7700,8000,8100,8400,8600,8800,8900,9200,9700,9700
,Aggregated,4226,0,8200.0,7733.405915461723,2.0792088471353054,15473.112542182207,2891.529342167534,23.526405557174577,0.0,8200,9800,11000,11000,12000,13000,14000,14000,14000,15000,15000
