Type,Name,Request Count,Failure Count,Median Response Time,Average Response Time,Min Response Time,Max Response Time,Average Content Size,Requests/s,Failures/s,50%,66%,75%,80%,90%,95%,98%,99%,99.9%,99.99%,100%
POST,/checkout,578,0,3100.0,3067.114764922798,5.051333922892809,7483.375333249569,55.36678200692042,3.218433240750027,0.0,3100,3900,4300,4600,5300,5600,6000,6400,7500,7500,7500
GET,/products?search=[term],1609,0,370.0,373.34511204431095,7.856207899749279,932.671916205436,282309.468614046,8.95927177226089,0.0,370,420,450,470,520,570,630,660,860,930,930
GET,/recommendations/[userId],1044,0,3700.0,3640.062820632903,609.3002920970321,5433.913875371218,2620.1340996168583,5.813225438309738,0.0,3700,3900,4100,4200,4500,4700,4800,5000,5400,5400,5400
GET,/users/[id]/dashboard,932,0,12000.0,11614.76007028375,406.16133296862245,19794.047500006855,6816.682403433477,5.189584395119421,0.0,12000,13000,14000,14000,15000,16000,17000,18000,20000,20000,20000
,Aggregated,4163,0,3100.0,4083.2780662142395,5.051333922892809,19794.047500006855,111303.50828729282,23.180514846440076,0.0,3100,4000,4700,8200,12000,14000,15000,16000,19000,20000,20000
