Type,Name,Request Count,Failure Count,Median Response Time,Average Response Time,Min Response Time,Max Response Time,Average Content Size,Requests/s,Failures/s,50%,66%,75%,80%,90%,95%,98%,99%,99.9%,99.99%,100%
POST,/checkout,462,0,8900.0,8612.66111046604,4.499583039432764,18490.204999689013,55.63203463203463,2.5717642136803285,0.0,9000,11000,13000,13000,15000,16000,17000,18000,18000,18000,18000
GET,/products?search=[term],1432,0,1000.0,969.1520097464526,8.37537506595254,2205.3383332677186,275294.31284916203,7.971355744567598,0.0,1000,1100,1200,1200,1300,1400,1500,1800,2200,2200,2200
GET,/recommendations/[userId],892,0,4500.0,4478.205854761218,612.1769170276821,7351.39475017786,2629.2264573991033,4.965397572733448,0.0,4500,4900,5100,5200,5500,5900,6300,6500,7400,7400,7400
GET,/users/[id]/dashboard,792,0,30000.0,28600.582598270543,444.5054577663541,52002.14929226786,8254.7398989899,4.408738652023421,0.0,30000,32000,34000,35000,39000,42000,45000,45000,52000,52000,52000
,Aggregated,3578,0,4000.0,8947.204066872417,4.499583039432764,52002.14929226786,112669.13974287311,19.917256183004795,0.0,4000,5300,11000,20000,31000,34000,39000,42000,47000,52000,52000
