Type,Name,Request Count,Failure Count,Median Response Time,Average Response Time,Min Response Time,Max Response Time,Average Content Size,Requests/s,Failures/s,50%,66%,75%,80%,90%,95%,98%,99%,99.9%,99.99%,100%
POST,/checkout,523,0,9,17.308843993879215,2.6284160558134317,199.51570802368224,55.783938814531545,2.9123605968811583,0.0,9,13,19,24,42,63,94,110,200,200,200
GET,/products?search=[term],1421,0,17,25.287248337094756,6.440541939809918,335.0150410551578,289886.0323715693,7.912933858830069,0.0,17,25,30,35,49,71,100,120,300,340,340
GET,/recommendations/[userId],1020,0,650.0,719.567283496772,503.92837496474385,1836.2567080184817,2593.3823529411766,5.679938448984286,0.0,650,700,750,790,940,1200,1500,1700,1800,1800,1800
GET,/users/[id]/dashboard,973,0,150.0,192.16049838220587,31.449707923457026,1221.6120830271393,1756.5601233299076,5.418215794962461,0.0,150,200,230,260,340,430,590,740,1200,1200,1200
,Aggregated,3937,0,79,245.3432815312177,2.6284160558134317,1836.2567080184817,105743.36042672086,21.923448699657975,0.0,79,200,550,590,690,800,1100,1300,1800,1800,1800
