Type,Name,Request Count,Failure Count,Median Response Time,Average Response Time,Min Response Time,Max Response Time,Average Content Size,Requests/s,Failures/s,50%,66%,75%,80%,90%,95%,98%,99%,99.9%,99.99%,100%
POST,/checkout,478,0,3700.0,3832.2466533177117,10.016083950176835,9940.409250091761,55.64853556485355,2.661859861695637,0.0,3700,4600,5300,5500,6600,7200,8400,8900,9900,9900,9900
GET,/products?search=[term],1447,0,470.0,481.98132713807394,28.82204088382423,1629.103041952476,288887.75328265375,8.057973263333864,0.0,470,530,570,590,670,750,920,1100,1500,1600,1600
GET,/recommendations/[userId],902,0,4300.0,4319.41253092618,1287.0623338967562,7686.895957915112,2601.8026607538804,5.023007521442394,0.0,4300,4600,4800,5000,5400,5800,6500,6800,7700,7700,7700
GET,/users/[id]/dashboard,967,0,12000.0,12255.735280682287,830.9460841119289,21658.78116688691,5976.979317476732,5.384975912677157,0.0,12000,14000,14000,15000,16000,18000,19000,20000,22000,22000,22000
,Aggregated,3794,0,3700.0,4817.250131779084,10.016083950176835,21658.78116688691,112328.34580917237,21.12781655914905,0.0,3700,4900,7100,9800,13000,15000,17000,18000,21000,22000,22000
