Type,Name,Request Count,Failure Count,Median Response Time,Average Response Time,Min Response Time,Max Response Time,Average Content Size,Requests/s,Failures/s,50%,66%,75%,80%,90%,95%,98%,99%,99.9%,99.99%,100%
POST,/checkout,557,0,3000.0,3148.053057076279,5.860958015546203,11084.187708096579,55.745062836624776,3.104162937814958,0.0,3000,3900,4400,4800,5600,6600,7800,8800,11000,11000,11000
GET,/products?search=[term],1613,0,400.0,419.2369983927621,11.221084045246243,2435.571082867682,277618.0576565406,8.989254611661629,0.0,400,460,500,520,600,680,880,1000,2400,2400,2400
GET,/recommendations/[userId],1086,0,4000.0,3992.5118428567066,792.7317919675261,8419.218665920198,2602.2946593001843,6.052281778217314,0.0,4000,4200,4500,4600,5000,5500,6100,6500,8000,8400,8400
GET,/users/[id]/dashboard,1039,0,10000.0,10068.679566532319,280.9433750808239,22017.714500194415,5519.272377285852,5.790350614703305,0.0,10000,11000,12000,12000,14000,15000,17000,18000,20000,22000,22000
,Aggregated,4295,0,3300.0,4010.924508071827,5.860958015546203,22017.714500194415,106260.67357392317,23.936049942397204,0.0,3300,4400,5700,7700,11000,12000,14000,15000,20000,22000,22000
