Type,Name,Request Count,Failure Count,Median Response Time,Average Response Time,Min Response Time,Max Response Time,Average Content Size,Requests/s,Failures/s,50%,66%,75%,80%,90%,95%,98%,99%,99.9%,99.99%,100%
POST,/checkout,425,0,10000.0,10426.151234215564,8.167041931301355,21367.61995800771,55.12705882352941,2.3751465485251666,0.0,10000,13000,15000,16000,17000,19000,20000,20000,21000,21000,21000
GET,/products?search=[term],1314,0,1200.0,1190.2070844769578,28.82154192775488,3004.065874963999,276535.2876712329,7.343394270028398,0.0,1200,1300,1300,1400,1600,1900,2600,2800,3000,3000,3000
GET,/recommendations/[userId],827,0,5100.0,5079.7476924470475,1017.7614169660956,8406.080459011719,2620.1257557436516,4.621755754424266,0.0,5100,5500,5700,5800,6400,6900,7500,7700,8400,8400,8400
GET,/users/[id]/dashboard,629,0,37000.0,36975.300245762526,1548.0400000233203,60908.7174590677,9121.418124006359,3.5152168918172464,0.0,37000,40000,41000,43000,46000,48000,52000,55000,61000,61000,61000
,Aggregated,3195,0,4500.0,10470.567004626835,8.167041931301355,60908.7174590677,116211.27167449139,17.855513464795077,0.0,4500,6000,12000,19000,37000,41000,46000,48000,58000,61000,61000
