Type,Name,Request Count,Failure Count,Median Response Time,Average Response Time,Min Response Time,Max Response Time,Average Content Size,Requests/s,Failures/s,50%,66%,75%,80%,90%,95%,98%,99%,99.9%,99.99%,100%
POST,/checkout,391,0,10000.0,10179.549557039552,22.5787500385195,18760.24975022301,55.450127877237854,2.176909750267591,0.0,10000,13000,14000,15000,17000,18000,18000,19000,19000,19000,19000
GET,/products?search=[term],1300,0,1100.0,1076.0376211305936,30.156458960846066,1859.0944581665099,275205.0707692308,7.237807353830864,0.0,1100,1200,1200,1300,1300,1400,1500,1500,1800,1900,1900
GET,/recommendations/[userId],844,0,4700.0,4679.49901344707,1657.305084168911,7312.372207874432,2619.5071090047395,4.69900723587173,0.0,4700,5000,5200,5400,5700,5900,6300,6500,7300,7300,7300
GET,/users/[id]/dashboard,725,0,34000.0,34205.636226112234,3674.3221669457853,55153.00991595723,8803.246896551724,4.03646948579029,0.0,34000,37000,39000,40000,43000,45000,48000,51000,55000,55000,55000
,Aggregated,3260,0,4400.0,10468.600066120507,22.5787500385195,55153.00991595723,112386.96042944785,18.150193825760475,0.0,4400,5700,14000,26000,35000,39000,43000,46000,53000,55000,55000
