Type,Name,Request Count,Failure Count,Median Response Time,Average Response Time,Min Response Time,Max Response Time,Average Content Size,Requests/s,Failures/s,50%,66%,75%,80%,90%,95%,98%,99%,99.9%,99.99%,100%
POST,/checkout,486,0,8,12.431435161960069,2.480708062648773,181.9114580284804,55.00411522633745,2.7061928655564884,0.0,8,11,14,16,27,38,56,72,180,180,180
GET,/products?search=[term],1476,0,16,21.909528821113653,6.240624934434891,202.6520420331508,294546.9891598916,8.218807962060447,0.0,16,24,28,31,42,55,80,93,170,200,200
GET,/recommendations/[userId],1001,0,640.0,667.0060421718837,515.9621669445187,1163.6936659924686,2595.753246753247,5.573866375354002,0.0,640,690,720,740,800,870,960,1000,1100,1200,1200
GET,/users/[id]/dashboard,1011,0,130.0,145.32764751231988,31.57404181547463,758.6070830002427,1524.1483679525222,5.629549356126769,0.0,130,160,180,190,240,300,370,430,660,760,760
,Aggregated,3974,0,63,214.64002060334357,2.480708062648773,1163.6936659924686,110447.24484146955,22.128416559097708,0.0,63,160,530,580,670,740,830,890,1100,1200,1200
