Type,Name,Request Count,Failure Count,Median Response Time,Average Response Time,Min Response Time,Max Response Time,Average Content Size,Requests/s,Failures/s,50%,66%,75%,80%,90%,95%,98%,99%,99.9%,99.99%,100%
POST,/checkout,534,0,7,11.735043785803382,2.4101671297103167,174.36145897954702,55.47003745318352,2.9728410942319243,0.0,7,10,12,14,25,35,48,60,170,170,170
GET,/products?search=[term],1532,0,16,21.74484575888891,6.551083875820041,242.2515000216663,298093.5953002611,8.528825011916307,0.0,16,24,28,32,41,52,75,90,180,240,240
GET,/recommendations/[userId],981,0,610.0,645.6104976967144,506.33870903402567,1443.0759998504072,2592.566768603466,5.461342909066512,0.0,610,650,680,700,800,880,930,1200,1400,1400,1400
GET,/users/[id]/dashboard,946,0,150.0,177.20393398427157,31.025458127260208,952.8645831160247,1895.1945031712473,5.266493773676779,0.0,150,190,220,240,300,360,440,530,950,950,950
,Aggregated,3993,0,51,210.50799821533548,2.4101671297103167,1443.0759998504072,115463.35361883296,22.229502788891523,0.0,51,170,450,560,630,700,830,890,1300,1400,1400
