Type,Name,Request Count,Failure Count,Median Response Time,Average Response Time,Min Response Time,Max Response Time,Average Content Size,Requests/s,Failures/s,50%,66%,75%,80%,90%,95%,98%,99%,99.9%,99.99%,100%
POST,/checkout,12,0,52,67.63035062855731,5.375917069613934,246.81250005960464,55.5,2.92716125949537,0.0,52,65,75,75,100,250,250,250,250,250,250
GET,/products?search=[term],22,0,29,61.423212205144495,7.814958691596985,230.63154239207506,306930.2727272727,5.366462309074845,0.0,33,54,63,90,170,220,230,230,230,230,230
GET,/recommendations/[userId],13,0,770.0,757.3623491737706,593.8144577667117,920.3661656938493,2627.923076923077,3.1710913644533174,0.0,770,820,870,890,890,920,920,920,920,920,920
GET,/users/[id]/dashboard,8,0,820.0,822.9783384595066,572.8952907957137,1087.5342921353877,9507.5,1.95144083966358,0.0,840,920,980,980,1100,1100,1100,1100,1100,1100,1100
,Aggregated,55,0,90,338.0438567816534,5.375917069613934,1087.5342921353877,124788.27272727272,13.416155772687112,0.0,90,640,700,790,890,920,980,1100,1100,1100,1100
