Type,Name,Request Count,Failure Count,Median Response Time,Average Response Time,Min Response Time,Max Response Time,Average Content Size,Requests/s,Failures/s,50%,66%,75%,80%,90%,95%,98%,99%,99.9%,99.99%,100%
POST,/checkout,410,0,10000.0,10087.730603755974,9.637708077207208,20919.6990840137,55.46341463414634,2.2828831800336973,0.0,10000,13000,14000,15000,17000,18000,18000,18000,21000,21000,21000
GET,/products?search=[term],1288,0,1100.0,1080.5958329431671,27.111042058095336,2383.5738750640303,271597.78726708074,7.171593989959518,0.0,1100,1200,1200,1300,1400,1600,2200,2300,2400,2400,2400
GET,/recommendations/[userId],788,0,4700.0,4728.179976433341,1018.443875014782,7803.585541900247,2620.98730964467,4.387590111869643,0.0,4700,5100,5300,5400,5900,6300,6800,7100,7800,7800,7800
GET,/users/[id]/dashboard,727,0,35000.0,34822.17453936197,2546.5609999373555,56602.5361251086,8988.720770288859,4.047941638742678,0.0,35000,37000,39000,41000,43000,46000,51000,52000,57000,57000,57000
,Aggregated,3213,0,4300.0,10759.198161194012,9.637708077207208,56602.5361251086,111559.54808590103,17.890008920605535,0.0,4300,6100,15000,28000,35000,40000,44000,47000,52000,57000,57000
