Type,Name,Request Count,Failure Count,Median Response Time,Average Response Time,Min Response Time,Max Response Time,Average Content Size,Requests/s,Failures/s,50%,66%,75%,80%,90%,95%,98%,99%,99.9%,99.99%,100%
POST,/checkout,143,0,28,64.4382686888265,3.5121673718094826,2028.0126249417663,55.50349650349651,0.7976854315968267,0.0,28,40,43,47,77,100,490,2000,2000,2000,2000
GET,/products?search=[term],440,0,37,93.58968256591734,8.147874847054482,1959.4094580970705,275268.96136363636,2.454416712605621,0.0,38,60,74,84,110,170,1300,1900,2000,2000,2000
GET,/recommendations/[userId],305,0,1400.0,1647.2030189804366,635.7938330620527,4988.567624706775,2625.0819672131147,1.7013570394198052,0.0,1400,1700,2000,2200,2600,3300,4400,4800,5000,5000,5000
GET,/users/[id]/dashboard,287,0,2300.0,2581.2744662986634,346.08566714450717,7539.828584063798,9159.216027874565,1.60094908299503,0.0,2300,2900,3200,3500,3900,5100,6500,7300,7500,7500,7500
,Aggregated,1175,0,750.0,1100.950489675111,3.5121673718094826,7539.828584063798,106004.78723404255,6.5544082666172825,0.0,750,1400,1900,2200,2900,3700,4700,5200,7400,7500,7500
