Type,Name,Request Count,Failure Count,Median Response Time,Average Response Time,Min Response Time,Max Response Time,Average Content Size,Requests/s,Failures/s,50%,66%,75%,80%,90%,95%,98%,99%,99.9%,99.99%,100%
POST,/checkout,689,0,1000.0,1024.9936365433232,3.6517921835184097,2294.5833751000464,55.62699564586357,3.8356625484360536,0.0,1000,1200,1300,1300,1500,1700,1900,2000,2300,2300,2300
GET,/products?search=[term],1917,0,3800.0,3819.0020653863726,290.93754198402166,6747.186542022973,2316.187271778821,10.671937743616711,0.0,3800,4300,4500,4600,5000,5400,5700,6000,6500,6700,6700
GET,/recommendations/[userId],1316,0,19,2266.3833512291226,1.8947501666843891,8083.23466591537,2605.245440729483,7.326171137506308,0.0,19,4500,5100,5400,5900,6400,6900,7100,7900,8100,8100
GET,/users/[id]/dashboard,1337,0,3200.0,3162.8748531346737,149.61187494918704,4831.671915948391,4833.3066566940915,7.443078123743111,0.0,3200,3400,3600,3700,3900,4100,4300,4400,4800,4800,4800
,Aggregated,5259,0,3200.0,2897.617749340675,1.8947501666843891,8083.23466591537,2732.2859859288837,29.276849553302185,0.0,3200,3800,4100,4400,5000,5600,6100,6500,7700,8100,8100
