Type,Name,Request Count,Failure Count,Median Response Time,Average Response Time,Min Response Time,Max Response Time,Average Content Size,Requests/s,Failures/s,50%,66%,75%,80%,90%,95%,98%,99%,99.9%,99.99%,100%
POST,/checkout,509,0,8800.0,8729.07070939526,4.60154190659523,17082.632374949753,55.56974459724951,2.834375497578005,0.0,8800,12000,13000,14000,15000,16000,17000,17000,17000,17000,17000
GET,/products?search=[term],1515,0,1000.0,947.0988706922276,7.2627500630915165,1889.5126669667661,281300.14587458747,8.436304280610369,0.0,1000,1100,1100,1200,1300,1400,1500,1600,1900,1900,1900
GET,/recommendations/[userId],1016,0,4300.0,4229.235726450368,653.892416972667,6695.2005829662085,2623.0009842519685,5.657613959802069,0.0,4300,4600,4800,4900,5200,5500,5900,6100,6400,6700,6700
GET,/users/[id]/dashboard,875,0,25000.0,24739.27000725429,535.5018749833107,43751.88316684216,6989.490285714286,4.872452967349223,0.0,25000,28000,29000,30000,33000,35000,37000,39000,44000,44000,44000
,Aggregated,3915,0,4000.0,8128.152371545847,4.60154190659523,43751.88316684216,111105.69067688378,21.800746705339666,0.0,4000,5100,12000,18000,26000,30000,33000,35000,40000,44000,44000
