Type,Name,Request Count,Failure Count,Median Response Time,Average Response Time,Min Response Time,Max Response Time,Average Content Size,Requests/s,Failures/s,50%,66%,75%,80%,90%,95%,98%,99%,99.9%,99.99%,100%
POST,/checkout,254,0,3700.0,3571.754088443814,5.863792262971401,7617.917249910533,55.30708661417323,2.18004444355107,0.0,3700,4900,5300,5600,6200,6700,7000,7200,7600,7600,7600
GET,/products?search=[term],749,0,440.0,423.4217429640535,8.514542132616043,1153.3993328921497,294819.5460614152,6.428556252833668,0.0,440,480,520,540,610,700,780,870,1200,1200,1200
GET,/recommendations/[userId],477,0,4100.0,3947.2717852741716,834.9613328464329,6589.63920827955,2630.9203354297692,4.094020470763231,0.0,4100,4400,4600,4800,5100,5400,5900,6000,6600,6600,6600
GET,/users/[id]/dashboard,402,0,17000.0,16175.490725939557,668.1660423055291,26721.34374966845,9350.31592039801,3.4503065602658674,0.0,17000,19000,19000,20000,22000,23000,25000,26000,27000,27000,27000
,Aggregated,1882,0,3000.0,5106.144706348718,5.863792262971401,26721.34374966845,120004.07226354942,16.152927727413836,0.0,3000,4400,5300,7000,17000,20000,22000,23000,27000,27000,27000
