Type,Name,Request Count,Failure Count,Median Response Time,Average Response Time,Min Response Time,Max Response Time,Average Content Size,Requests/s,Failures/s,50%,66%,75%,80%,90%,95%,98%,99%,99.9%,99.99%,100%
POST,/checkout,405,0,3600.0,3472.192666703766,10.053667239844799,8149.982208851725,55.58518518518518,2.254798371600772,0.0,3600,4400,4900,5200,6100,6500,7100,7500,8100,8100,8100
GET,/products?search=[term],1398,0,420.0,414.33587214257966,7.437708787620068,917.3434157855809,292108.4670958512,7.783229934562664,0.0,420,460,490,510,560,610,710,750,830,920,920
GET,/recommendations/[userId],908,0,3700.0,3714.9580045985795,564.1858330927789,5879.72587486729,2625.025330396476,5.055202275095064,0.0,3700,4100,4200,4300,4700,4900,5300,5500,5900,5900,5900
GET,/users/[id]/dashboard,872,0,15000.0,14656.783284194375,597.5473341532052,24645.4262919724,8098.839449541284,4.854775753174995,0.0,15000,16000,17000,17000,19000,20000,22000,24000,25000,25000,25000
,Aggregated,3583,0,3100.0,5062.622515005123,7.437708787620068,24645.4262919724,116616.20429807424,19.948006334433494,0.0,3100,4200,5800,12000,16000,17000,19000,20000,24000,25000,25000
