Type,Name,Request Count,Failure Count,Median Response Time,Average Response Time,Min Response Time,Max Response Time,Average Content Size,Requests/s,Failures/s,50%,66%,75%,80%,90%,95%,98%,99%,99.9%,99.99%,100%
POST,/checkout,427,0,22,27.966583658018493,3.0002500861883163,249.6320828795433,55.44730679156908,2.377382950277246,0.0,22,29,36,40,53,69,93,110,250,250,250
GET,/products?search=[term],1213,0,31,42.94726103183377,7.154917344450951,240.8327916637063,285341.51112943114,6.753549224089695,0.0,31,48,58,65,87,110,140,150,210,240,240
GET,/recommendations/[userId],829,0,1100.0,1205.7338249695513,558.6618334054947,3456.0166248120368,2625.4704463208686,4.615574861311094,0.0,1100,1300,1400,1400,1700,2000,2400,2700,3500,3500,3500
GET,/users/[id]/dashboard,752,0,1600.0,1637.5335730826532,404.40624998882413,3852.327208034694,7999.061170212766,4.1868664604414265,0.0,1600,1800,2000,2100,2400,2800,3200,3500,3900,3900,3900
,Aggregated,3221,0,130.0,712.5164069268865,3.0002500861883163,3852.327208034694,110007.68022353307,17.93337349611946,0.0,130,1100,1300,1400,1800,2200,2700,2900,3700,3900,3900
